方向,行駛日,起站發車,迄站到達,行駛分鐘
去程,平日,06:15,06:58,43
去程,平日,06:25,07:13,48
去程,平日,06:35,07:25,50
去程,平日,06:40,07:31,51
去程,平日,06:45,07:38,53
去程,假日,08:00,08:48,48
去程,平日,09:00,09:50,50
去程,平日,09:15,10:04,49
去程,平日,09:30,10:18,48
去程,平日,10:00,10:44,44
去程,假日,10:30,11:17,47
去程,平日,11:00,11:46,46
去程,平日,13:00,13:44,44
去程,平日,13:15,13:59,44
去程,平日,13:30,14:14,44
去程,每日,13:45,14:29,44
去程,平日,14:45,15:26,41
去程,平日,15:15,15:57,42
去程,平日,15:30,16:16,46
去程,平日,15:45,16:33,48
去程,每日,16:15,17:07,52
去程,平日,17:10,18:15,65
去程,平日,19:50,20:35,45
返程,平日,07:30,08:31,61
返程,平日,07:45,08:45,60
返程,平日,08:00,08:57,57
返程,平日,08:30,09:25,55
返程,假日,09:15,10:04,49
返程,平日,10:30,11:23,53
返程,平日,10:45,11:39,54
返程,平日,11:00,11:53,53
返程,平日,11:15,12:07,52
返程,假日,11:45,12:38,53
返程,平日,12:15,13:07,52
返程,平日,14:00,14:54,54
返程,平日,14:15,15:09,54
返程,平日,14:30,15:24,54
返程,每日,15:00,15:54,54
返程,平日,16:00,17:13,73
返程,平日,16:30,17:47,77
返程,平日,16:45,18:04,79
返程,平日,17:00,18:15,75
返程,每日,17:30,18:41,71
返程,平日,18:45,19:41,56
返程,平日,21:20,22:11,51
