RouteUID,路線名稱,SubRouteUID,方向代碼,方向,站序,StopUID,站名,站名_英文,經度,緯度
HSQ0805,快捷9號,HSQ080501,0,去程,1,HSQ310543,勝利八街總站,Shengli 8th Street Terminus,121.03161,24.82424
HSQ0805,快捷9號,HSQ080501,0,去程,2,HSQ310544,六家高中,Liou Jia Senior High School,121.03138,24.82073
HSQ0805,快捷9號,HSQ080501,0,去程,3,HSQ310546,交叉口,Intersection,121.0305,24.81923
HSQ0805,快捷9號,HSQ080501,0,去程,4,HSQ310548,十興,Shi-Hsing,121.0354,24.8148
HSQ0805,快捷9號,HSQ080501,0,去程,5,HSQ310550,世興棒球場,Shihsing Baseball Stadium,121.03782,24.81265
HSQ0805,快捷9號,HSQ080501,0,去程,6,HSQ310643,高鐵新竹站,HSR Hsinchu Station,121.04049,24.80718
HSQ0805,快捷9號,HSQ080501,0,去程,7,HSQ310554,哈洛德站,Harrods Station,121.03477,24.80779
HSQ0805,快捷9號,HSQ080501,0,去程,8,HSQ310555,文興嘉豐南路口,Wenxing Jiafeng South Road,121.03207,24.80886
HSQ0805,快捷9號,HSQ080501,0,去程,9,HSQ310557,文興嘉興路口,Wenxing Jiaxing Road,121.02483,24.81256
HSQ0805,快捷9號,HSQ080501,0,去程,10,HSQ310559,水利大樓,Water Conservancy Building,121.02138,24.81422
HSQ0805,快捷9號,HSQ080501,0,去程,11,HSQ310560,縣立總圖書館,Hsinchu County Library,121.01974,24.81547
HSQ0805,快捷9號,HSQ080501,0,去程,12,HSQ310562,縣體育場,Hsinchu County Stadium,121.01831,24.81961
HSQ0805,快捷9號,HSQ080501,0,去程,13,HSQ310564,泉州厝,Quanzhou House,121.01392,24.82125
HSQ0805,快捷9號,HSQ080501,0,去程,14,HSQ310566,縣政府站,Hsinchu County Government Station,121.0114,24.8243
HSQ0805,快捷9號,HSQ080501,0,去程,15,HSQ310568,家樂福,Carrefour,121.00917,24.82745
HSQ0805,快捷9號,HSQ080501,0,去程,16,HSQ310570,深耕公園,Deeply cultivate the park,121.00546,24.82682
HSQ0805,快捷9號,HSQ080501,0,去程,17,HSQ310572,中醫大,China Medical University Hsinchu Hospital,121.0019,24.82499
HSQ0805,快捷9號,HSQ080501,0,去程,18,HSQ310574,大河戀,A River Runs Through It,120.99883,24.82502
HSQ0805,快捷9號,HSQ080501,0,去程,19,HSQ310576,新竹高工,Hsinchu Industrial High School,120.98271,24.80917
HSQ0805,快捷9號,HSQ080501,0,去程,20,HSQ310578,新竹女中,Hsinchu Girls' Senior High School,120.97624,24.80509
HSQ0805,快捷9號,HSQ080501,0,去程,21,HSQ310580,新竹火車站,Hsinchu Railway Station,120.97265,24.80278
HSQ0805,快捷9號,HSQ080501,0,去程,22,HSQ311502,學園商場,Xue Yuan Market,120.9777,24.79864
HSQ0805,快捷9號,HSQ080501,0,去程,23,HSQ291243,新竹高中,National Hsinchu Senior High School,120.981185,24.7956153
HSQ0805,快捷9號,HSQ080501,0,去程,24,HSQ310583,新竹高商,Hsinchu Commercial & Vocational High School,120.98453,24.79685
HSQ0805,快捷9號,HSQ080501,0,去程,25,HSQ311503,陽明交大(博愛校區),NYCU(Boai Cam-pus),120.98339,24.79839
HSQ0805,快捷9號,HSQ080502,1,返程,1,HSQ311504,陽明交大(博愛校區),NYCU(Boai Cam-pus),120.98339,24.79839
HSQ0805,快捷9號,HSQ080502,1,返程,2,HSQ310584,新竹高商,Hsinchu Commercial & Vocational High School,120.98408,24.79682
HSQ0805,快捷9號,HSQ080502,1,返程,3,HSQ310585,新竹高中,Hsinchu Railway Station,120.98098,24.79569
HSQ0805,快捷9號,HSQ080502,1,返程,4,HSQ291850,學園商場,Xue Yuan Market,120.97798,24.79864
HSQ0805,快捷9號,HSQ080502,1,返程,5,HSQ310581,新竹火車站,Hsinchu Railway Station,120.97242,24.8024
HSQ0805,快捷9號,HSQ080502,1,返程,6,HSQ310579,新竹女中,Hsinchu Girls' Senior High School,120.97608,24.80478
HSQ0805,快捷9號,HSQ080502,1,返程,7,HSQ310577,新竹高工,Hsinchu Industrial High School,120.98332,24.80928
HSQ0805,快捷9號,HSQ080502,1,返程,8,HSQ310575,大河戀,A River Runs Through It,120.99832,24.82505
HSQ0805,快捷9號,HSQ080502,1,返程,9,HSQ303570,中醫大,China medical university hsinchu hospital,121.002019,24.82473189
HSQ0805,快捷9號,HSQ080502,1,返程,10,HSQ310571,深耕公園,Deeply cultivate the park,121.00551,24.8268
HSQ0805,快捷9號,HSQ080502,1,返程,11,HSQ310569,家樂福,Carrefour,121.00878,24.82738
HSQ0805,快捷9號,HSQ080502,1,返程,12,HSQ310567,縣政府站,Hsinchu County Government Station,121.01168,24.82599
HSQ0805,快捷9號,HSQ080502,1,返程,13,HSQ310565,泉州厝,Quanzhou House,121.01378,24.82112
HSQ0805,快捷9號,HSQ080502,1,返程,14,HSQ310563,縣體育場,Hsinchu County Stadium,121.01816,24.81943
HSQ0805,快捷9號,HSQ080502,1,返程,15,HSQ310561,縣立總圖書館,Hsinchu County Library,121.02049,24.81451
HSQ0805,快捷9號,HSQ080502,1,返程,16,HSQ310558,文興嘉興路口,Wenxing Jiaxing Road,121.02381,24.81285
HSQ0805,快捷9號,HSQ080502,1,返程,17,HSQ310556,文興嘉豐南路口,Wenxing Jiafeng South Road,121.03193,24.80869
HSQ0805,快捷9號,HSQ080502,1,返程,18,HSQ310643,高鐵新竹站,HSR Hsinchu Station,121.04049,24.80718
HSQ0805,快捷9號,HSQ080502,1,返程,19,HSQ310553,哈洛德(嘉豐十一路),Harrods (Jiafeng 11th Road),121.03545,24.80786
HSQ0805,快捷9號,HSQ080502,1,返程,20,HSQ310551,世興棒球場,Shihsing Baseball Stadium,121.038,24.81267
HSQ0805,快捷9號,HSQ080502,1,返程,21,HSQ310549,十興,Shi-Hsing,121.03535,24.815
HSQ0805,快捷9號,HSQ080502,1,返程,22,HSQ310547,交叉口,Intersection,121.03082,24.81909
HSQ0805,快捷9號,HSQ080502,1,返程,23,HSQ310545,六家高中,Liou Jia Senior High School,121.03185,24.82117
HSQ0805,快捷9號,HSQ080502,1,返程,24,HSQ310543,勝利八街總站,Shengli 8th Street Terminus,121.03161,24.82424
